State ID,State,Year,Workforce,Worked Hours Week,Worked Days Week,Number of Records,Monthly Wage
1,Aguascalientes,2010,3357157,23.854977887539963,2.9265345648118335,35529,1801.4183727481318
1,Aguascalientes,2011,3401131,24.101100486867455,2.935950423550284,35809,1691.427426935334
1,Aguascalientes,2012,3517388,24.16308692700379,2.9569862636706556,35739,1851.9725299000281
1,Aguascalientes,2013,3573709,24.344389820211997,2.955225509407733,35821,1859.187188996082
1,Aguascalientes,2014,3620273,24.510457912980595,2.950132766230613,36282,1873.3208791160225
1,Aguascalientes,2015,3660903,25.12609812387818,3.015795010138209,35530,1950.4600446938912
1,Aguascalientes,2016,3765962,25.615773605787844,3.066278948114718,34900,2044.560208520426
1,Aguascalientes,2017,3857871,25.158317890878156,3.022384107711222,35055,1990.5628726310445
1,Aguascalientes,2018,3905485,25.483375560269725,3.049678337005519,35137,2091.6617756821497
1,Aguascalientes,2019,3993928,25.437520656356348,3.0183516077405503,34740,2209.4136987446946
1,Aguascalientes,2020,3059718,24.580545004474267,2.913793362656297,23116,2540.782122077917
1,Aguascalientes,2021,4346212,25.122694889250685,2.9950080667947168,34962,2645.5140809974296
1,Aguascalientes,2022,4430547,25.136965480786007,3.01002697861009,34574,2570.5358356428674
2,Baja California,2010,9400672,22.586098312971668,2.7201477724145677,37938,2788.1993877671725
2,Baja California,2011,9621761,22.520166526688826,2.7237748890249924,37411,2763.98807525982
2,Baja California,2012,9873010,22.7484402426413,2.7692885958790683,36524,2708.7175856197855
2,Baja California,2013,9903473,23.981181753108228,2.87872284803523,35859,2625.460852066745
2,Baja California,2014,10087906,24.329475809945098,2.8922426517455655,36007,2599.2838081560235
2,Baja California,2015,10341936,24.39490043256891,2.901958782185463,36254,2617.887440900814
2,Baja California,2016,10501875,24.835448050943285,2.9605165744212343,35799,2847.999641873475
2,Baja California,2017,10705295,24.944939116577356,2.9787087604778755,36266,2775.372688375239
2,Baja California,2018,10958398,25.25146066058196,3.004503304223847,36761,3015.4797418381772
2,Baja California,2019,11227981,25.049835050486816,2.9776010486658286,47952,3250.5167678855173
2,Baja California,2020,8581556,23.116246167944368,2.752755677408619,26454,3077.9391069638186
2,Baja California,2021,11941015,23.64488948385041,2.8303485926447625,42609,3238.697149195441
2,Baja California,2022,12036862,23.93476646986565,2.864181628068844,46069,3771.312227140263
3,Baja California Sur,2010,1909522,23.73422144390062,3.097475703343559,26599,3364.794560628262
3,Baja California Sur,2011,1982219,24.27460285669747,3.140567212805447,26442,3539.808677043253
3,Baja California Sur,2012,2060387,24.214464078835675,3.1555343729114966,25384,3870.905186744044
3,Baja California Sur,2013,2115345,24.990784481963935,3.240664288803954,24809,3743.072075240682
3,Baja California Sur,2014,2169782,25.8799118989834,3.295106605179691,25058,3813.1187275956754
3,Baja California Sur,2015,2237472,26.49900199868423,3.3527516768924928,25563,3975.3714781682183
3,Baja California Sur,2016,2314153,25.97949962686132,3.2848039865989844,25622,4244.45427160607
3,Baja California Sur,2017,2424361,25.2890881349766,3.2522780229512023,25721,4513.881245408584
3,Baja California Sur,2018,2485930,26.7523453999107,3.396897740483441,25563,4771.469565514717
3,Baja California Sur,2019,2567163,27.30213780737725,3.484012507191791,25205,4987.420649954834
3,Baja California Sur,2020,2002322,23.695596412565013,3.0792884461140617,20125,4542.775305370465
3,Baja California Sur,2021,2531269,26.023847722229444,3.3367247811275687,23269,5552.492570722432
3,Baja California Sur,2022,2573446,27.28635417257638,3.45257642864859,23342,6528.5610659792355
4,Campeche,2010,2405746,24.423719711058443,3.1482330221062407,33090,2517.5285387567933
4,Campeche,2011,2431008,24.60064631626058,3.1720019020916426,32886,2720.06753165765
4,Campeche,2012,2533220,25.106380417018656,3.262079093012056,33365,2827.6394936089246
4,Campeche,2013,2578882,24.951803921234085,3.1914756084225644,32595,2958.911995197919
4,Campeche,2014,2595273,24.719807896895624,3.168156875981833,33411,3006.0064432527906
4,Campeche,2015,2625400,24.786916279424087,3.1605237297173763,33062,2974.367620933953
4,Campeche,2016,2697898,24.723006577713463,3.1272675987009144,33427,2910.6200301123317
4,Campeche,2017,2743562,24.115002686288847,3.099851215317897,33577,2830.640634693147
4,Campeche,2018,2793787,24.255825157751826,3.128456822227321,33491,2993.2999545061953
4,Campeche,2019,2860299,24.415310077722644,3.120233583971466,33843,3140.515839427976
4,Campeche,2020,2197339,22.4600942321599,2.8921067709625143,29638,3017.5583280504284
4,Campeche,2021,2828458,23.95778689307036,3.0884287481023227,46879,3410.5087326734215
4,Campeche,2022,2874598,24.48058893800107,3.111360614597241,45621,3752.6255225948116
5,Coahuila de Zaragoza,2010,7981870,22.046388628228723,2.765847351560474,36126,2425.4305122734395
5,Coahuila de Zaragoza,2011,8255331,23.052654218225776,2.9077537896421113,35836,2544.2592063237685
5,Coahuila de Zaragoza,2012,8398438,23.45891295500425,2.970693955233104,35202,2651.665092485055
5,Coahuila de Zaragoza,2013,8534174,23.978319167150797,3.0164136564358777,35344,2873.908961546835
5,Coahuila de Zaragoza,2014,8505133,24.118242125079057,3.007574249573757,35889,2961.9042341842273
5,Coahuila de Zaragoza,2015,8617011,24.29030460794352,2.993951731058484,35775,3132.82600242706
5,Coahuila de Zaragoza,2016,8687851,24.763007215478257,3.071098134625007,35506,3273.209597287062
5,Coahuila de Zaragoza,2017,8853527,24.731680718881865,3.049758926583722,45187,3335.6482622123362
5,Coahuila de Zaragoza,2018,9086883,24.795380880330473,3.0601830132510783,48972,3398.92031040787
5,Coahuila de Zaragoza,2019,9243741,24.378451754543967,3.007630676800659,49471,3881.5927693127705
5,Coahuila de Zaragoza,2020,7073045,22.87106910814225,2.8408915820555363,31008,4002.488369577742
5,Coahuila de Zaragoza,2021,9704290,24.356701520667663,2.997951833673561,46714,4343.501071897068
5,Coahuila de Zaragoza,2022,9912794,24.90920814051013,3.0587620402481885,47824,4640.503676259186
6,Colima,2010,1947779,25.297252922431138,3.284508663457199,31505,2863.708475653552
6,Colima,2011,1986518,24.972808200076717,3.245377590336458,31478,2822.1676642245375
6,Colima,2012,2031226,25.45238934515411,3.353636178347461,31291,3104.7342023979604
6,Colima,2013,2069345,25.58258434432151,3.311278206388978,30425,3187.808114644972
6,Colima,2014,2074487,25.305421051083954,3.3005697312154765,31545,3138.5475792328416
6,Colima,2015,2134085,25.25273220138842,3.2743930068389964,31693,3106.9010011316327
6,Colima,2016,2182506,25.851581164038038,3.3492205748804356,30769,3136.5142840386234
6,Colima,2017,2233629,25.858777352908653,3.3710857980443483,30689,3239.895090455935
6,Colima,2018,2321308,26.245438347690182,3.3540383266675513,30691,3436.6782107329145
6,Colima,2019,2362674,25.742620860939766,3.3270218405078316,30841,3497.2728670988886
6,Colima,2020,1815007,23.830257403965934,3.09467015829691,24215,3441.273903626818
6,Colima,2021,2329396,25.47673731731316,3.3106745267872015,27796,3946.032186455201
6,Colima,2022,2370531,25.995759599853365,3.3620661362369866,27977,4082.3354952962018
7,Chiapas,2010,12973575,23.234361538743176,3.0300260336877076,42780,1412.5213373337726
7,Chiapas,2011,13152907,23.305078793608136,3.044764932953605,41723,1518.9305830262465
7,Chiapas,2012,13462161,23.159468453838876,3.0400391140768557,41805,1532.1482631948911
7,Chiapas,2013,13723514,22.88508110969246,3.006743680955184,41264,1556.9627617241474
7,Chiapas,2014,13600329,22.234055220281803,2.923703978043472,40851,1549.8959256059172
7,Chiapas,2015,13950538,22.071181842592736,2.9227108660612227,41051,1612.792255753864
7,Chiapas,2016,14353974,21.833405647801786,2.896551923530027,40257,1668.7434740372248
7,Chiapas,2017,14461086,21.282954060296717,2.847854441913975,40009,1682.7071946048866
7,Chiapas,2018,14729518,21.451748658713747,2.829073565068456,39505,1778.5462508006033
7,Chiapas,2019,15069372,22.27393855563457,2.9117732311605287,40504,1855.3415977122338
7,Chiapas,2020,11492457,21.642304426285868,2.8377604545311765,40513,1978.6139856777363
7,Chiapas,2021,15658971,22.238420838763926,2.941389571511436,59668,2151.7096347518623
7,Chiapas,2022,15750758,22.27174774699732,2.9436524896135157,58110,2312.730758862526
8,Chihuahua,2010,10134945,21.345984117328708,2.651925392787035,31699,2214.7834097767673
8,Chihuahua,2011,10225276,20.825674632156627,2.5880584543634813,31608,2110.42541697652
8,Chihuahua,2012,10609008,21.65652311695872,2.6991346410522077,32016,2396.2926217983813
8,Chihuahua,2013,10567494,22.908477260550136,2.8357680638380303,32099,2571.6161486346714
8,Chihuahua,2014,10605966,23.791870914917133,2.904612271998609,33171,2711.2150717812974
8,Chihuahua,2015,10803713,24.274126404505562,2.962835462215629,34076,2956.5941508257392
8,Chihuahua,2016,10913549,25.003653898470606,3.0378876752191246,33412,3566.5186562134827
8,Chihuahua,2017,11006180,24.858356396133807,3.047260902511135,32399,3743.6332634937826
8,Chihuahua,2018,11178898,24.951630026501718,3.0391593160613866,31865,3625.8890768124015
8,Chihuahua,2019,11451228,24.13046897677699,2.959953203272173,45234,3721.564575432434
8,Chihuahua,2020,8799382,23.23105520364953,2.8405067537697533,31065,3694.64825245682
8,Chihuahua,2021,13538564,23.614734103262354,2.9064973212816367,56395,3418.2160330297957
8,Chihuahua,2022,11687056,24.336665966176596,2.990810773902341,45140,4217.158608549493
9,Ciudad de México,2010,27986960,23.824311607977428,2.8838101387217474,30099,2355.488643711214
9,Ciudad de México,2011,27782233,24.517550155165715,2.9427094287201463,29609,2285.424986681236
9,Ciudad de México,2012,27713211,25.625538917161204,3.0850160957530326,29944,2340.8193501287165
9,Ciudad de México,2013,28167557,24.729594831387047,2.993792006882244,30633,2160.8318401911815
9,Ciudad de México,2014,28205069,23.95800230093392,2.911556429803451,30876,1865.0215854107644
9,Ciudad de México,2015,28577267,24.059392698399044,2.9195448606054595,30043,2077.6561517936616
9,Ciudad de México,2016,28462766,24.460930255337797,2.9502334031766275,30084,2161.393220602664
9,Ciudad de México,2017,28652987,24.232170035186908,2.925513664596295,30106,2093.3333459440023
9,Ciudad de México,2018,28791422,24.633614657865806,2.9841023135293563,29743,2090.8175353409083
9,Ciudad de México,2019,28976041,24.844352373742154,2.987780594319286,30463,2034.405849025407
9,Ciudad de México,2020,21778036,20.720504273204433,2.538157573070409,22904,2141.130112880702
9,Ciudad de México,2021,31089728,22.045626613394624,2.6763752001947396,28900,2349.6971335033872
9,Ciudad de México,2022,31266556,24.13683339476212,2.924211192304007,28866,2468.7500065885097
10,Durango,2010,4604481,21.803844124886172,2.8187530798802296,32997,1955.3648780394576
10,Durango,2011,4765539,21.725708046875706,2.8128434160333176,32927,1995.1652505624234
10,Durango,2012,4832182,22.254783656741406,2.9082776683494123,33350,2003.0302329258293
10,Durango,2013,4918175,22.937974350241706,2.9692792550082094,33284,2031.9377216142166
10,Durango,2014,4966650,22.44907774858305,2.9112572860982753,33033,2006.9278108986944
10,Durango,2015,5011123,23.166807719547094,3.0537566130386344,33046,2258.959197369532
10,Durango,2016,5070461,23.781902276735785,3.1085439765733334,32575,2506.952756958391
10,Durango,2017,5153578,23.49199022504365,3.039987558158623,37664,2656.278557538083
10,Durango,2018,5265772,23.52466532922428,3.0437341381282743,39516,2632.6437359992037
10,Durango,2019,5376709,23.302877652482216,3.011576784237347,39433,3074.0593069106026
10,Durango,2020,4098588,22.2011902635737,2.87285328508257,24016,3169.806865193574
10,Durango,2021,5472683,23.14476884555528,3.0042986228144404,38137,3312.6849841293565
10,Durango,2022,5518153,23.717648640768026,3.0933964679848494,37645,3748.1960340715455
11,Guanajuato,2010,15429953,22.324754910141333,2.851807196042658,50139,1759.3695987926858
11,Guanajuato,2011,15830827,22.610686731653374,2.901115715559269,50661,1770.7544524995442
11,Guanajuato,2012,16187728,23.418510120753204,3.008484946127091,50128,1863.751855109006
11,Guanajuato,2013,16292755,23.9900957204598,3.0254323470769675,49412,1934.0055816833924
11,Guanajuato,2014,16306931,24.262871413388577,3.0432052481242486,49793,1983.0923135076735
11,Guanajuato,2015,16694774,24.689769205620873,3.0134936837120407,50101,2052.2853362375554
11,Guanajuato,2016,16977014,25.271786487305718,3.0657196253711048,49817,2216.4487913481134
11,Guanajuato,2017,17061730,26.03951650858383,3.1138903264792024,48762,2337.980331947581
11,Guanajuato,2018,17347253,26.20064721486451,3.146246728516613,48515,2686.3505198200546
11,Guanajuato,2019,17517328,25.145907640708675,3.0728500374029646,48627,2787.9664207920296
11,Guanajuato,2020,13225392,23.71367215429229,2.9035098543770954,32979,2628.7023113568202
11,Guanajuato,2021,18642783,23.774742000698073,2.9312259333812984,49821,2463.807776929013
11,Guanajuato,2022,19063292,24.53196048195663,3.013648062464762,48194,2634.699263694854
12,Guerrero,2010,9128540,24.8346931710876,3.279456189051042,35393,1456.7286993319851
12,Guerrero,2011,9398360,24.799647704493125,3.210750705442226,35353,1455.7784215543988
12,Guerrero,2012,9489892,24.18024040737239,3.1784786381130576,35366,1406.539068937771
12,Guerrero,2013,9655658,23.597661391900996,3.080110128175625,34587,1489.8847619706498
12,Guerrero,2014,9740188,24.53432962484913,3.175386039776645,37202,1518.147288019492
12,Guerrero,2015,9814470,24.136050851446893,3.124054890381243,36541,1536.3286073522054
12,Guerrero,2016,10007938,23.49468092228389,3.079768879463482,35326,1537.9270743883505
12,Guerrero,2017,10218219,23.194888854897318,3.0481378408507394,33569,1579.4527379967096
12,Guerrero,2018,10366383,23.141909477973176,3.0488720125428515,33813,1631.304491836738
12,Guerrero,2019,10511319,24.083133049239585,3.1221232083242834,35380,1757.7489243738107
12,Guerrero,2020,7945521,23.191273423102146,3.02300956727696,19079,1898.8237993455684
12,Guerrero,2021,10349860,22.919262965875866,2.9909028721161444,26659,1915.1805267897344
12,Guerrero,2022,10363277,24.138573638435023,3.152203786504983,33654,2005.6901929766038
13,Hidalgo,2010,7454212,21.904327513089243,2.7798246145937355,31364,1908.0124269339267
13,Hidalgo,2011,7686670,22.32915176532881,2.8196750998807025,31659,1938.9044793128885
13,Hidalgo,2012,7808892,22.970572265565973,2.885876511033832,31710,2088.1524474919106
13,Hidalgo,2013,7998663,23.011705081211698,2.8776894338466317,31224,2109.467998964327
13,Hidalgo,2014,8098481,23.006410584898575,2.879554079339076,31567,2163.9017691095405
13,Hidalgo,2015,8225342,24.035348925309123,2.985910859390406,30746,2265.8999173529805
13,Hidalgo,2016,8440633,23.553920422792935,2.916539434897833,31061,2259.266792668275
13,Hidalgo,2017,8439724,22.756086810421763,2.829251169824985,31129,2134.238938856294
13,Hidalgo,2018,8763051,22.89906791595758,2.8607435926140337,30232,2191.265248941265
13,Hidalgo,2019,8953219,22.879126490706863,2.8729540738364605,31092,2304.7432217395776
13,Hidalgo,2020,6900894,21.19464086827011,2.6820275749779667,23984,2177.7077980041427
13,Hidalgo,2021,9536236,22.230998792395656,2.783189719717507,32421,2416.6895569698568
13,Hidalgo,2022,9803235,23.65195356430811,2.9443039976089525,31163,2775.5140910117934
14,Jalisco,2010,21173873,23.966101997494743,3.1980180007691557,42080,2074.017511298004
14,Jalisco,2011,21692693,23.928346840108787,3.1591040356308,42320,2137.1734294584817
14,Jalisco,2012,22030882,24.033413914159226,3.2086421233611984,42275,2446.1439995911196
14,Jalisco,2013,22304321,23.84961187565405,3.1885226185544946,41926,2451.144744240365
14,Jalisco,2014,22584766,23.48212693458945,3.130640317460008,43272,2427.4851275412816
14,Jalisco,2015,23195462,23.678618731543263,3.1361633150484347,43380,2461.5182023966586
14,Jalisco,2016,23724987,23.794817337518456,3.174905512066245,43043,2502.1512581229235
14,Jalisco,2017,24220097,23.790807361341287,3.2036865500579954,42413,2595.4275260747304
14,Jalisco,2018,24517573,23.658643292303037,3.1821712532476196,41786,2694.108490469265
14,Jalisco,2019,24858328,23.74088192898573,3.1988653058242695,42020,2762.5352740136022
14,Jalisco,2020,19047268,23.13246398381122,3.0327509435998907,30591,3092.344611993699
14,Jalisco,2021,25823231,24.35732558021109,3.162619968043503,42033,3320.2699106475097
14,Jalisco,2022,26338689,24.682368549171144,3.2494955994203054,41558,3507.4544081522054
15,Estado de México,2010,44949747,24.523235670269734,2.9133748405747424,52150,1856.3304375662003
15,Estado de México,2011,46022531,24.77939846463464,2.9274799554157505,50913,1904.331293948175
15,Estado de México,2012,47369499,24.901336427476256,2.9475647610290325,51979,1809.36872237133
15,Estado de México,2013,47959728,24.709714825738796,2.929531210018539,52643,1733.5828286807632
15,Estado de México,2014,49260747,24.480005895972305,2.916931284050565,53603,1694.2022864777102
15,Estado de México,2015,49690320,24.759013888419314,2.9462179957786545,53785,1674.8546648723534
15,Estado de México,2016,50516853,24.743158743479132,2.9415367382445616,54146,1697.9361747850762
15,Estado de México,2017,51812287,24.96921367319686,2.9679565775585237,54559,1612.470480911217
15,Estado de México,2018,53677112,24.688178454906442,2.9497473709092246,53531,1557.0559265371803
15,Estado de México,2019,54601174,24.574135823526433,2.945686552453982,53581,1713.5399400020226
15,Estado de México,2020,42011635,22.143392991013084,2.682191207269129,32288,1601.2540321508554
15,Estado de México,2021,41203979,22.804354890094473,2.7513007906348075,35150,1800.155162611844
15,Estado de México,2022,54649080,24.49670642213922,2.936976285785598,51519,2128.523029811298
16,Michoacán de Ocampo,2010,12448954,21.153865376962596,2.869477307089415,34231,2168.8848081533597
16,Michoacán de Ocampo,2011,12672127,22.004600569422955,2.990473027929723,34551,2304.7115867762373
16,Michoacán de Ocampo,2012,12677620,22.02042228746405,3.0111279561936706,34735,2365.4680817061876
16,Michoacán de Ocampo,2013,12712398,22.036991053930187,3.0029489322156215,35191,2364.7524765980424
16,Michoacán de Ocampo,2014,12963608,21.741328417212245,2.9814831642548896,36322,2371.8184928917935
16,Michoacán de Ocampo,2015,13312093,22.295878491834454,3.015312167665896,36470,2400.884379263276
16,Michoacán de Ocampo,2016,13369744,22.5366657731068,3.0600259810509463,36051,2495.2420460705903
16,Michoacán de Ocampo,2017,13467269,22.469693298619045,3.022491568260796,35647,2639.3136964146183
16,Michoacán de Ocampo,2018,13600736,22.872707991685157,3.07870581415594,35623,2866.1663126171998
16,Michoacán de Ocampo,2019,13884458,22.881131478088665,3.064359804322214,35571,3082.5894099719267
16,Michoacán de Ocampo,2020,10362113,21.93694095017107,2.9854217957283424,19666,3184.467273421936
16,Michoacán de Ocampo,2021,14423557,22.325872459893215,3.0050521518374422,27570,3471.3605695183232
16,Michoacán de Ocampo,2022,14671745,23.521483845309472,3.1652576431774135,34427,3895.2269852018285
17,Morelos,2010,5309400,24.246654424228726,3.002070855463894,32932,1355.1938247259577
17,Morelos,2011,5397195,24.15134176178552,2.99216611591762,32727,1348.516852179697
17,Morelos,2012,5412104,24.280606581100436,2.978188150116849,32089,1435.33760770303
17,Morelos,2013,5529796,23.637839985417184,2.9541015617935997,32499,1312.1270515223346
17,Morelos,2014,5636576,23.3091683674628,2.899452433534117,32746,1199.644419945726
17,Morelos,2015,5741727,22.90290778366857,2.840126498525618,32564,1208.6333378441714
17,Morelos,2016,5822974,23.501906929345726,2.873847109741517,31865,1260.9976779906624
17,Morelos,2017,5948904,23.516010848384845,2.887610390081938,31910,1283.980102385246
17,Morelos,2018,6048725,23.513808612558844,2.901978185485371,32052,1211.9118629132586
17,Morelos,2019,6213908,23.237564186659988,2.870201972735998,32005,1199.4688460144566
17,Morelos,2020,4804526,21.70634376835509,2.7104367839824364,22786,1261.273403453327
17,Morelos,2021,6266598,22.39876389071072,2.769686518905473,32014,1344.8651810759202
17,Morelos,2022,6253529,22.88915106973998,2.8405450746290613,30579,1460.15730989654
18,Nayarit,2010,3189729,23.948450479648898,3.203013484844637,33807,2456.054869551614
18,Nayarit,2011,3265422,23.15311007275629,3.096494725643424,33351,2408.6049732622614
18,Nayarit,2012,3328659,23.33533774411858,3.159910943115531,33374,2517.583395896065
18,Nayarit,2013,3408647,23.617396579933327,3.1925121609835223,33114,2683.2864931452273
18,Nayarit,2014,3434561,23.57837144252206,3.1805444713312707,34128,2729.415322656957
18,Nayarit,2015,3537313,23.824876961693807,3.1868850735007053,34470,2764.7683343260833
18,Nayarit,2016,3635068,23.920364625916214,3.208880824237676,34259,2952.799309393937
18,Nayarit,2017,3711363,24.394002419057365,3.2441943835728275,33352,3173.1673371750485
18,Nayarit,2018,3793414,24.368346297029536,3.2793088231339897,32796,3376.203532490785
18,Nayarit,2019,3847221,24.128914351424054,3.2220366337156094,33481,3376.0139877589563
18,Nayarit,2020,2921090,24.724321400573075,3.342382466818893,15612,3996.8998212995834
18,Nayarit,2021,3736805,24.86449172488262,3.361482335845729,29850,4198.742803277131
18,Nayarit,2022,3786734,25.307435378349787,3.3416939241045185,32384,4461.577045284934
19,Nuevo León,2010,14064222,24.101947196226,2.963383114970739,39421,2762.4199539085776
19,Nuevo León,2011,14355261,24.03806841268856,2.965198682211351,38708,2505.234583822614
19,Nuevo León,2012,14581308,24.1182060621722,3.0193839263254025,38753,2460.163881799904
19,Nuevo León,2013,14853040,23.939109973446513,2.977409607730135,39218,2448.219462682387
19,Nuevo León,2014,14940733,23.938426782675254,2.9698981301653675,40325,2326.8708924789703
19,Nuevo León,2015,15249882,24.343004162261714,3.012573867784682,41243,2487.1648309803313
19,Nuevo León,2016,15664689,24.54983447165788,3.041756015711515,40573,2697.5606955873814
19,Nuevo León,2017,15984662,24.669008828588307,3.06372033390509,39591,2738.4981828830664
19,Nuevo León,2018,16409392,24.517531971934122,3.0511324855911783,40154,2822.0236747955073
19,Nuevo León,2019,16781186,24.285243843909484,3.0111360424704188,40652,3847.6945911927796
19,Nuevo León,2020,13007200,23.436679300695,2.8853617227381756,25588,4426.144191909097
19,Nuevo León,2021,18870552,24.54217640268287,2.997616497916966,40929,4732.285324244887
19,Nuevo León,2022,18970017,24.756083402561,3.0315413001474907,40231,4771.349945970001
20,Oaxaca,2010,10649018,23.43734755636623,3.1025570620690095,41691,1351.4207600174964
20,Oaxaca,2011,10835581,23.3843377664751,3.0979000572281263,41079,1398.8779663960797
20,Oaxaca,2012,11056428,23.196791585853948,3.044638195988795,40925,1495.1187519151756
20,Oaxaca,2013,11065278,22.32428249882199,2.9205217437826687,40448,1411.0470910898036
20,Oaxaca,2014,11247741,22.726480632866636,2.953526579248224,41491,1375.6931509180376
20,Oaxaca,2015,11487578,22.64815760119322,2.9424609782845437,41704,1410.7007213356897
20,Oaxaca,2016,11678324,23.106457227937845,3.015800041170291,40229,1419.6805326689
20,Oaxaca,2017,11752614,22.2300817503238,2.910480851323799,39036,1412.483625770403
20,Oaxaca,2018,11983255,22.134527972575064,2.939927340276077,39406,1476.643229239468
20,Oaxaca,2019,11903343,23.652184936618227,3.1385367959236325,39463,1705.7579958000033
20,Oaxaca,2020,9072710,22.057728286256257,2.9579696694813347,27694,1897.948591765856
20,Oaxaca,2021,12445542,21.804482842129335,2.92988212164645,43386,1830.6630055163528
20,Oaxaca,2022,12526702,23.258077505156585,3.097492699993981,40086,2026.6858897896668
21,Puebla,2010,16048061,23.843584966433017,2.947245464732468,41927,1534.1007698687088
21,Puebla,2011,16312142,23.688742839536342,2.938584951013791,42297,1567.199620687461
21,Puebla,2012,16845564,23.859353239820287,3.028925359815795,42483,1712.3112817712722
21,Puebla,2013,17203958,23.978443448885425,3.026335218907184,43406,1654.2424719939447
21,Puebla,2014,17337737,23.402705612618302,2.9806960389351853,44804,1658.865867846536
21,Puebla,2015,17654688,23.81744928032713,2.998406995354435,45042,1647.290536938404
21,Puebla,2016,18074946,24.028161743885708,3.0470669179315943,44199,1683.4995304550287
21,Puebla,2017,18443132,24.491800904531832,3.09751353511974,43116,1705.7934851846205
21,Puebla,2018,18765205,24.64522956184065,3.1040876451922585,43300,1741.4579940906588
21,Puebla,2019,19048970,24.720397270823568,3.1534079270427746,44029,1877.0938138912497
21,Puebla,2020,14520807,23.00441903814299,2.9283358011713814,25686,1828.387425368301
21,Puebla,2021,20038161,23.656631663953593,2.9746129896850313,41965,2024.3433087497401
21,Puebla,2022,20343675,24.27270456296613,3.0631249270350613,42282,2172.4786959091707
22,Querétaro,2010,5207424,23.033762950741096,2.8286527081336184,35737,1805.4681339564438
22,Querétaro,2011,5429399,23.287768314688236,2.8573029906256657,34920,1744.5648860951276
22,Querétaro,2012,5545281,23.170391184865114,2.8604350257453137,34623,1808.5295931802193
22,Querétaro,2013,5591702,22.696016704752864,2.7566363515080026,33132,1810.7983839267542
22,Querétaro,2014,5698926,22.383958661684677,2.7266244552043664,33486,1742.1101797075448
22,Querétaro,2015,5795723,23.310550728528607,2.8313594352249063,33136,1868.8357072965703
22,Querétaro,2016,5993612,22.851000031366727,2.7726517832652497,33179,1828.4431838430648
22,Querétaro,2017,6188405,22.53266100069404,2.747574213387779,32925,1758.8113620553277
22,Querétaro,2018,6286681,23.33959063614012,2.8730188473059153,33638,1783.3788959547971
22,Querétaro,2019,6404528,22.795908144987422,2.7983525093496353,34445,1914.7856048095973
22,Querétaro,2020,4979724,21.665665406355853,2.7112725524547145,24489,1938.1793517070423
22,Querétaro,2021,7477552,22.649992938865555,2.7982908042632135,34884,2282.7343293634067
22,Querétaro,2022,7728207,22.72399341787817,2.7959433540017757,33657,2023.0148910348803
23,Quintana Roo,2010,3968747,27.052920984885155,3.4118083112881723,29644,3129.6688844111254
23,Quintana Roo,2011,4120025,26.969298729983436,3.397784722180084,29004,3092.408059174398
23,Quintana Roo,2012,4267773,27.16688680489801,3.402011306599484,29407,3146.3870346431263
23,Quintana Roo,2013,4335023,27.752769016450433,3.4537429213178337,28760,3179.6518991940757
23,Quintana Roo,2014,4404974,27.86120099687308,3.4402464123511285,29049,2881.8043529882357
23,Quintana Roo,2015,4600090,28.111252823314327,3.4626672521624577,29030,3115.9803134286503
23,Quintana Roo,2016,4777126,28.76914550715221,3.5160073232315834,28337,3374.9382800453664
23,Quintana Roo,2017,4905443,28.484197655543035,3.5012222137735574,28355,3397.3193646323075
23,Quintana Roo,2018,5098893,28.643392399095255,3.539876400622645,27908,3617.3212620857116
23,Quintana Roo,2019,5288989,28.212072288295552,3.5077070494947145,29123,3785.476703014508
23,Quintana Roo,2020,4099815,22.76871419807967,2.9415083363517622,17765,3170.7192707475824
23,Quintana Roo,2021,5817026,25.615569536735784,3.2392119271944115,27333,3483.2443867364527
23,Quintana Roo,2022,5971990,27.208797737437603,3.3963034097511886,28322,3987.9848785748136
24,San Luis Potosí,2010,7381828,21.922312061456864,2.849469806123903,35231,1702.3522444576058
24,San Luis Potosí,2011,7463870,21.566367447450183,2.8083034672361658,35051,1604.692237538971
24,San Luis Potosí,2012,7646238,22.1309872907435,2.885010380268048,35410,1635.545138668192
24,San Luis Potosí,2013,7779118,22.402077459166964,2.9038929606158437,35484,1749.1357125576446
24,San Luis Potosí,2014,7797609,22.487966247089332,2.9132101904571,36485,1753.5957967371794
24,San Luis Potosí,2015,7969564,22.088185627218753,2.891396066334369,35800,1809.013220798528
24,San Luis Potosí,2016,8132868,22.37789166134259,2.9242213202034018,34904,1842.5647663284342
24,San Luis Potosí,2017,8231318,22.9560053444661,2.960886093818754,35517,2022.3086771766077
24,San Luis Potosí,2018,8283381,23.073570924722645,3.0045774786889554,35941,2197.1792691897185
24,San Luis Potosí,2019,8468768,22.882170818707042,2.959831937774184,35748,2335.1939526504916
24,San Luis Potosí,2020,6559916,21.115691572879896,2.7551566209079508,23850,2331.7953969227656
24,San Luis Potosí,2021,8684319,22.485893942864145,2.9039743933865165,30198,2694.5404277525963
24,San Luis Potosí,2022,8719157,22.904859036257747,2.967910315182993,34773,2775.158787024938
25,Sinaloa,2010,8332737,22.832283678220012,3.059768717049392,35142,2764.468412479597
25,Sinaloa,2011,8449549,22.000913184833887,2.9434483426275175,35297,2719.231900424508
25,Sinaloa,2012,8563997,22.39712706578482,2.99802884097227,34684,2745.4496721565874
25,Sinaloa,2013,8577082,22.79620131881682,3.033671358161202,33920,2850.9246201680244
25,Sinaloa,2014,8702585,22.41805589948274,3.0007452957942955,34542,2764.6445574504587
25,Sinaloa,2015,8850021,22.696256765944398,3.0447661084646014,34688,3051.517699788509
25,Sinaloa,2016,8934696,22.884755228381582,3.0832765882577315,34323,2862.1600002954774
25,Sinaloa,2017,8971996,23.324473171856074,3.1332675583002936,34503,3066.9123414678293
25,Sinaloa,2018,9163300,23.502570907860704,3.1038613818165945,34037,3201.45461798697
25,Sinaloa,2019,9413339,22.853652141923284,3.0472392421010226,34661,3259.995506589107
25,Sinaloa,2020,7127470,21.285290011743296,2.8616048892524275,19180,3338.5700623082244
25,Sinaloa,2021,9536217,22.00662778542057,2.9431416042650875,36079,3634.5288010958643
25,Sinaloa,2022,9734258,22.278261681578606,2.975261493993687,33929,4045.1195908306518
26,Sonora,2010,7808607,22.075694678961305,2.796475094725602,33864,2578.8502768803705
26,Sonora,2011,8003469,23.092532750486072,2.9034156313968356,33965,2434.518749682169
26,Sonora,2012,8226665,23.498860960060973,2.9493875100055735,33696,2591.5835325736493
26,Sonora,2013,8253873,24.107431868651236,3.013189202208466,32244,2968.526545295766
26,Sonora,2014,8508447,24.579336393586278,3.0716156544196607,32239,3028.6624265274263
26,Sonora,2015,8697320,24.30965768765551,3.0652827537678276,32214,2945.7208875837614
26,Sonora,2016,8857339,24.49568103919247,3.0726616650892553,31387,2998.661469432298
26,Sonora,2017,8974899,24.324325766785787,3.0688656217746852,31858,3065.549818777905
26,Sonora,2018,9125613,24.321448323526322,3.0804950856452056,31438,3187.9620647949896
26,Sonora,2019,9351942,24.36215216048175,3.069366555096257,31760,3454.834419310984
26,Sonora,2020,7214782,21.65546457259554,2.7599306534833623,20983,3306.194732287129
26,Sonora,2021,9100848,23.62696520148452,2.9998200167720634,31939,3589.584676504871
26,Sonora,2022,9273669,24.326780910554387,3.0598047008147478,31107,3988.5356168092694
27,Tabasco,2010,6268320,22.19843323250887,2.7270611583326954,34180,2303.5840852094343
27,Tabasco,2011,6381892,22.604755141578703,2.7782493028713113,34600,2216.477755812853
27,Tabasco,2012,6457782,23.03825694332822,2.7996281076072247,34435,2365.0559037143094
27,Tabasco,2013,6613606,22.779240402285833,2.7810983901974202,35502,2358.4212934668317
27,Tabasco,2014,6730370,22.30961908483486,2.7430576625059246,36475,2499.6040774875673
27,Tabasco,2015,6773552,22.545668948876454,2.7175344634543293,35780,2513.2946424564248
27,Tabasco,2016,6874310,22.498569165487154,2.7368329330507355,35004,2346.2617011743723
27,Tabasco,2017,6993149,21.644051628243584,2.6658871418298107,34315,2252.986689115304
27,Tabasco,2018,7105470,21.435318845903225,2.667742035361489,33867,2357.53503216536
27,Tabasco,2019,7216997,22.05291355947633,2.754197763973021,33927,2597.774330930164
27,Tabasco,2020,5515918,19.420322963466823,2.4589352125974315,25237,2568.725564266909
27,Tabasco,2021,7139293,20.982282839491248,2.6285359068467984,36007,2830.3436659624417
27,Tabasco,2022,7286617,22.487250256188847,2.7780447359865352,33641,3202.101593922118
28,Tamaulipas,2010,9605379,21.830002126933252,2.725403130891556,33922,2439.1635468001837
28,Tamaulipas,2011,9867277,21.53107650672014,2.7062525963343282,32781,2229.147824774758
28,Tamaulipas,2012,9897568,22.18244593015173,2.7781047829123278,32531,2300.010392451964
28,Tamaulipas,2013,10101510,22.425794361437053,2.8004131065553564,31364,2366.123465105712
28,Tamaulipas,2014,10128144,22.59340339157895,2.8092667323845317,32588,2364.7068671219527
28,Tamaulipas,2015,10335571,22.4898400872095,2.8188620638375954,33252,2316.8891434251673
28,Tamaulipas,2016,10557637,23.21659600533718,2.866568153460855,32237,2538.1102798855463
28,Tamaulipas,2017,10787019,22.50344798688127,2.8108549730004184,31926,2515.1765907708145
28,Tamaulipas,2018,10960232,23.0289586935751,2.8821199222790175,32239,2808.0516854935186
28,Tamaulipas,2019,11103102,23.288788304385566,2.8808220441458614,46982,3194.706319098933
28,Tamaulipas,2020,8581957,21.247451601074207,2.677443501523021,30773,3330.053796237851
28,Tamaulipas,2021,10980101,22.783209644428588,2.8263371165711497,48696,3597.7830177518404
28,Tamaulipas,2022,11021568,23.23816502334332,2.8477833643996933,47154,4057.5605080874157
29,Tlaxcala,2010,3271137,22.070243771508196,2.776939944734812,33132,1507.9300231081731
29,Tlaxcala,2011,3345834,22.58101956044442,2.80728332607057,32937,1592.981219331264
29,Tlaxcala,2012,3451646,22.86398663130576,2.8719932461208364,33091,1670.3714859519198
29,Tlaxcala,2013,3512378,23.614922995190152,2.972122021035321,32684,1736.1201032462907
29,Tlaxcala,2014,3546409,23.37502132438757,2.937401749206028,33565,1727.336665906273
29,Tlaxcala,2015,3621785,24.327162158990664,3.01902128370403,34400,1879.118578822321
29,Tlaxcala,2016,3702217,24.894168818305356,3.0765573708942506,35013,1965.3315626825763
29,Tlaxcala,2017,3796150,24.85795213571645,3.066702053396204,33603,2046.031832777946
29,Tlaxcala,2018,3890757,25.18817649110443,3.08625570807943,34129,2161.220193910851
29,Tlaxcala,2019,3980959,25.103540629280534,3.0994481480467395,35052,2200.628129804904
29,Tlaxcala,2020,3031063,23.08144271498151,2.876268160707976,21667,2214.162484250575
29,Tlaxcala,2021,4056670,24.057243256168235,2.9751946793798854,34146,2330.0017970404297
29,Tlaxcala,2022,4151893,25.222959021342795,3.078609684787156,34500,2627.3952929422794
30,Veracruz de Ignacio de la Llave,2010,22117056,23.30195157981243,2.8673704583467168,39129,1781.8785242032213
30,Veracruz de Ignacio de la Llave,2011,22452448,22.65929911072503,2.803045440746595,38706,1692.3749591135897
30,Veracruz de Ignacio de la Llave,2012,22860077,22.849278854135093,2.8532874583055867,39159,1891.8109638038402
30,Veracruz de Ignacio de la Llave,2013,23191302,22.534967894428696,2.807466997756314,39281,1896.8832621816575
30,Veracruz de Ignacio de la Llave,2014,23405961,22.14575645921994,2.758589361060629,40588,1721.0224608167125
30,Veracruz de Ignacio de la Llave,2015,23848041,21.55307842686114,2.703943774668955,40091,1733.3404113570587
30,Veracruz de Ignacio de la Llave,2016,24069972,21.066001697052243,2.629629897367558,38476,1697.8381351253754
30,Veracruz de Ignacio de la Llave,2017,24196329,21.751454156537548,2.7340520539293376,37384,1683.220106818683
30,Veracruz de Ignacio de la Llave,2018,25087266,21.9689853011484,2.7437901363982826,38249,1778.4212317515985
30,Veracruz de Ignacio de la Llave,2019,25249026,22.497893106846973,2.79361829640478,39343,1828.8002227887919
30,Veracruz de Ignacio de la Llave,2020,19293127,20.65760298991449,2.626209426807795,32000,2110.161226897019
30,Veracruz de Ignacio de la Llave,2021,25037001,21.42620436049829,2.711006242321115,53125,2155.008117026476
30,Veracruz de Ignacio de la Llave,2022,25363930,21.580135649325637,2.726311222275097,56220,2380.277178773163
31,Yucatán,2010,5842323,23.892694224540477,3.175001279456819,32909,2147.8348807486336
31,Yucatán,2011,5916965,24.305727007004435,3.226971090753452,32870,2236.4528696722055
31,Yucatán,2012,6023686,24.384159798502115,3.2243008682723504,32736,2306.3328789050424
31,Yucatán,2013,6121904,24.75453143335799,3.2675695339227797,32495,2428.43567491421
31,Yucatán,2014,6172158,24.44735585187547,3.2121296959669534,34244,2358.3187267727108
31,Yucatán,2015,6318615,24.763677483119324,3.2299527665477323,33912,2420.528023467168
31,Yucatán,2016,6434516,25.111001977460308,3.303321959258474,33597,2519.6768860315215
31,Yucatán,2017,6554383,25.016659386550955,3.305645245326677,34032,2599.8236392349972
31,Yucatán,2018,6687310,25.374994130674366,3.317340156206307,34726,2774.836564029483
31,Yucatán,2019,6841562,25.102913632880913,3.281760948742407,34583,2983.107611098167
31,Yucatán,2020,5204500,23.259999231434335,3.0484451916610626,17932,3118.451108848112
31,Yucatán,2021,7285962,24.163227313016456,3.182025379764539,26536,3271.507493313855
31,Yucatán,2022,7436492,25.1173894895604,3.3090927819192166,33194,3672.514128301355
32,Zacatecas,2010,4191797,21.14080524414708,2.78673752569602,36548,1521.9933613197395
32,Zacatecas,2011,4244985,21.042858337544185,2.7792585839525934,36391,1485.824793256042
32,Zacatecas,2012,4329724,21.27150044667974,2.7997281119997486,36726,1596.3849695731183
32,Zacatecas,2013,4345035,20.858294582207048,2.7459304700652583,35316,1573.7058456376071
32,Zacatecas,2014,4390496,20.698326567203342,2.7339860917764187,36486,1521.705608887925
32,Zacatecas,2015,4450804,21.002655924637438,2.7551071671545184,36361,1653.327370290851
32,Zacatecas,2016,4512567,21.86301942996082,2.818411560426693,35818,1746.4557623188753
32,Zacatecas,2017,4568960,21.639693278120184,2.7894871042863145,35550,1897.192246813279
32,Zacatecas,2018,4587754,21.706690463350913,2.793196409397714,34910,1962.7003978417326
32,Zacatecas,2019,4663727,21.969315742538104,2.826028195904263,35574,2118.2656414065405
32,Zacatecas,2020,3554388,21.59141067322982,2.853099886675287,22741,2360.6165792817214
32,Zacatecas,2021,4744886,22.57310144016105,2.9227094180977162,36283,2519.4605507908936
32,Zacatecas,2022,4807314,22.459825382739716,2.8950411810004506,34343,2556.005926178319
36,No Informado,2021,24924971,22.81908428298673,2.789105190934826,14955,1830.3706159577878
